X,Y,Date,ConfirmedCovidCases,TotalConfirmedCovidCases,ConfirmedCovidDeaths,TotalCovidDeaths,StatisticsProfileDate,CovidCasesConfirmed,HospitalisedCovidCases,RequiringICUCovidCases,HealthcareWorkersCovidCases,ClustersNotified,HospitalisedAged5,HospitalisedAged5to14,HospitalisedAged15to24,HospitalisedAged25to34,HospitalisedAged35to44,HospitalisedAged45to54,HospitalisedAged55to64,HospitalisedAged65up,Male,Female,Unknown,Aged1,Aged1to4,Aged5to14,Aged15to24,Aged25to34,Aged35to44,Aged45to54,Aged55to64,Aged65up,Median_Age,CommunityTransmission,CloseContact,TravelAbroad,FID
-7.692596,53.288234,2020/02/29 00:00:00+00,1,1,0,0,2020/02/27 00:00:00+00,,,,,,,,,,,,,,,,,,,,,,,,,,,,,,1
-7.692596,53.288234,2020/03/03 00:00:00+00,1,2,0,0,2020/03/01 00:00:00+00,,,,,,,,,,,,,,,,,,,,,,,,,,,,,,2
-7.692596,53.288234,2020/03/04 00:00:00+00,4,6,0,0,2020/03/02 00:00:00+00,,,,,,,,,,,,,,,,,,,,,,,,,,,,,,3
-7.692596,53.288234,2020/03/05 00:00:00+00,7,13,0,0,2020/03/03 00:00:00+00,,,,,,,,,,,,,,,,,,,,,,,,,,,,,,4
-7.692596,53.288234,2020/03/06 00:00:00+00,5,18,0,0,2020/03/04 00:00:00+00,,,,,,,,,,,,,,,,,,,,,,,,,,,,,,5
-7.692596,53.288234,2020/03/07 00:00:00+00,1,19,0,0,2020/03/05 00:00:00+00,,,,,,,,,,,,,,,,,,,,,,,,,,,,,,6
-7.692596,53.288234,2020/03/08 00:00:00+00,2,21,0,0,2020/03/06 00:00:00+00,,,,,,,,,,,,,,,,,,,,,,,,,,,,,,7
-7.692596,53.288234,2020/03/09 00:00:00+00,3,24,0,0,2020/03/07 00:00:00+00,,,,,,,,,,,,,,,,,,,,,,,,,,,,,,8
-7.692596,53.288234,2020/03/10 00:00:00+00,10,34,0,0,2020/03/08 00:00:00+00,,,,,,,,,,,,,,,,,,,,,,,,,,,,,,9
-7.692596,53.288234,2020/03/11 00:00:00+00,9,43,1,1,2020/03/09 00:00:00+00,,,,,,,,,,,,,,,,,,,,,,,,,,,,,,10
-7.692596,53.288234,2020/03/12 00:00:00+00,27,70,0,1,2020/03/10 00:00:00+00,,,,,,,,,,,,,,,,,,,,,,,,,,,,,,11
-7.692596,53.288234,2020/03/13 00:00:00+00,20,90,0,1,2020/03/11 00:00:00+00,,,,,,,,,,,,,,,,,,,,,,,,,,,,,,12
-7.692596,53.288234,2020/03/14 00:00:00+00,39,129,1,2,2020/03/12 00:00:00+00,,,,,,,,,,,,,,,,,,,,,,,,,,,,,,13
-7.692596,53.288234,2020/03/15 00:00:00+00,40,169,0,2,2020/03/13 00:00:00+00,,,,,,,,,,,,,,,,,,,,,,,,,,,,,,14
-7.692596,53.288234,2020/03/16 00:00:00+00,54,223,0,2,2020/03/14 00:00:00+00,,,,,,,,,,,,,,,,,,,,,,,,,,,,,,15
-7.692596,53.288234,2020/03/17 00:00:00+00,69,292,0,2,2020/03/15 00:00:00+00,,,,,,,,,,,,,,,,,,,,,,,,,,,,,,16
-7.692596,53.288234,2020/03/18 00:00:00+00,74,366,0,2,2020/03/16 00:00:00+00,271,84,6,59,23,,,,,,,,,,,,1,0,4,28,48,62,40,46,42,,27,21,52,17
-7.692596,53.288234,2020/03/19 00:00:00+00,191,557,1,3,2020/03/17 00:00:00+00,350,108,7,84,26,,,,,,,,,,,,1,1,8,38,64,78,49,54,57,43,35,21,43,18
-7.692596,53.288234,2020/03/20 00:00:00+00,126,683,0,3,2020/03/18 00:00:00+00,438,140,12,114,27,1,2,9,16,15,11,23,31,241,189,7,1,1,9,47,78,96,62,69,75,44,40,21,39,19
-7.692596,53.288234,2020/03/21 00:00:00+00,102,785,0,3,2020/03/19 00:00:00+00,584,173,13,147,29,2,1,9,24,18,28,31,60,320,257,7,2,2,10,56,110,121,95,85,102,44,42,23,35,20
-7.692596,53.288234,2020/03/22 00:00:00+00,121,906,1,4,2020/03/20 00:00:00+00,712,211,17,159,35,2,2,13,27,22,40,34,71,393,311,8,3,2,12,63,127,149,132,101,122,44,44,23,33,21
-7.692596,53.288234,2020/03/23 00:00:00+00,219,1125,2,6,2020/03/21 00:00:00+00,836,239,25,208,37,2,2,14,31,26,42,37,85,460,369,7,3,2,16,69,166,165,158,117,139,44,43,24,33,22
-7.692596,53.288234,2020/03/24 00:00:00+00,204,1329,1,7,2020/03/22 00:00:00+00,965,277,36,247,44,2,2,15,36,26,52,43,101,534,431,0,3,2,17,77,189,183,191,136,165,45,45,24,31,23
-7.692596,53.288234,2020/03/25 00:00:00+00,235,1564,2,9,2020/03/23 00:00:00+00,1146,305,39,283,63,2,2,15,38,27,57,50,114,642,522,0,3,2,20,94,228,214,229,165,207,45,47,24,29,24
-7.692596,53.288234,2020/03/26 00:00:00+00,255,1819,10,19,2020/03/24 00:00:00+00,1383,340,47,321,66,2,2,16,38,29,64,56,133,753,630,0,3,5,22,111,264,246,280,280,252,46,47,24,29,25
-7.692596,53.288234,2020/03/27 00:00:00+00,302,2121,3,22,2020/03/25 00:00:00+00,1639,419,59,375,79,3,3,17,45,40,70,71,169,879,760,6,3,7,25,123,310,305,320,233,307,46,51,23,26,26
-7.692596,53.288234,2020/03/28 00:00:00+00,294,2415,14,36,2020/03/26 00:00:00+00,1904,489,67,445,91,3,3,18,48,45,85,76,210,1010,888,6,4,10,25,136,358,353,368,271,373,46,50,23,27,27
-7.692596,53.288234,2020/03/29 00:00:00+00,200,2615,10,46,2020/03/27 00:00:00+00,2216,564,77,506,103,3,3,19,52,51,98,88,249,1140,1060,16,4,11,29,155,408,416,432,314,441,47,51,25,24,28
-7.692596,53.288234,2020/03/30 00:00:00+00,295,2910,8,54,2020/03/28 00:00:00+00,2475,645,84,578,111,3,3,21,57,61,107,101,290,1240,1206,29,4,11,29,171,448,467,467,360,511,47,50,27,23,29
-7.692596,53.288234,2020/03/31 00:00:00+00,325,3235,17,71,2020/03/29 00:00:00+00,2677,703,113,674,118,4,3,22,61,66,116,108,321,1321,1320,36,6,11,30,178,477,503,504,398,563,47,51,26,23,30
-7.692596,53.288234,2020/04/01 00:00:00+00,212,3447,14,85,2020/03/30 00:00:00+00,2990,834,126,752,134,6,3,26,69,76,134,130,388,1494,1457,39,8,11,30,194,519,550,558,440,673,48,51,29,20,31
-7.692596,53.288234,2020/04/02 00:00:00+00,402,3849,13,98,2020/03/31 00:00:00+00,3282,932,134,841,160,6,4,29,77,85,152,145,432,1661,1572,49,8,11,30,216,564,617,608,480,739,48,59,23,18,32
-7.692596,53.288234,2020/04/03 00:00:00+00,424,4273,22,120,2020/04/01 00:00:00+00,3655,1039,148,948,171,6,4,32,81,94,163,160,497,1752,1860,43,8,12,30,235,618,685,690,537,831,48,61,23,16,33
-7.692596,53.288234,2020/04/04 00:00:00+00,331,4604,17,137,2020/04/02 00:00:00+00,4014,1118,158,1084,206,6,4,34,83,101,174,174,540,1909,2080,25,9,12,33,255,678,751,764,584,918,48,62,23,15,34
-7.692596,53.288234,2020/04/05 00:00:00+00,390,4994,21,158,2020/04/03 00:00:00+00,4443,1203,165,1163,236,7,4,35,88,106,183,185,593,2072,2335,36,11,13,35,270,748,808,830,647,1070,48,63,24,13,35
-7.692596,53.288234,2020/04/06 00:00:00+00,370,5364,16,174,2020/04/04 00:00:00+00,4916,1265,169,1263,260,3,7,35,93,111,188,191,635,2235,2633,48,11,13,36,287,820,902,907,697,1229,49,65,23,12,36
-7.692596,53.288234,2020/04/07 00:00:00+00,345,5709,36,210,2020/04/05 00:00:00+00,5593,1345,194,1388,270,7,3,36,96,116,201,207,677,2594,2946,53,12,18,39,347,948,1044,1048,794,1326,48,67,22,11,37
-7.692596,53.288234,2020/04/08 00:00:00+00,365,6074,25,235,2020/04/06 00:00:00+00,5981,1472,224,1568,299,7,4,37,102,127,224,230,739,2757,3154,70,12,18,42,364,1010,1111,1118,847,1442,48,67,23,10,38
-7.692596,53.288234,2020/04/09 00:00:00+00,500,6574,28,263,2020/04/07 00:00:00+00,6444,1521,230,1765,317,9,4,37,103,130,231,237,768,2923,3425,96,14,19,43,384,1103,1176,1219,922,1544,48,67,24,9,39
-7.692596,53.288234,2020/04/10 00:00:00+00,480,7054,25,287,2020/04/08 00:00:00+00,7071,1631,244,1949,339,10,4,39,115,137,249,256,819,3211,3788,72,16,20,45,423,1220,1304,1339,1015,1670,48,66,25,9,40
-7.692596,53.288234,2020/04/11 00:00:00+00,553,8928,33,320,2020/04/09 00:00:00+00,7787,1718,253,2141,356,10,4,41,119,144,256,271,871,3489,4212,86,18,22,52,473,1343,1418,1479,1138,1825,48,66,26,8,41
-7.692596,53.288234,2020/04/12 00:00:00+00,430,9655,14,334,2020/04/10 00:00:00+00,8496,1777,261,2312,382,10,5,43,123,146,263,279,906,3783,4616,97,18,27,56,528,1479,1558,1609,1251,1951,48,67,26,7,42
-7.692596,53.288234,2020/04/13 00:00:00+00,527,10647,31,365,2020/04/11 00:00:00+00,9484,1849,268,2489,401,11,5,44,125,150,272,287,953,4225,5115,144,19,29,67,598,1647,1757,1812,1411,2123,48,66,27,7,43
-7.692596,53.288234,2020/04/14 00:00:00+00,548,11479,41,406,2020/04/12 00:00:00+00,10385,1903,275,2707,408,12,5,43,127,154,278,293,989,4617,5629,139,22,34,81,674,1805,1927,1983,1522,2316,48,66,27,7,44
-7.692596,53.288234,2020/04/15 00:00:00+00,657,12547,38,444,2020/04/13 00:00:00+00,11261,1968,280,2872,413,13,4,43,130,159,288,301,1028,5021,6140,100,25,36,96,737,1950,2084,2157,1637,2520,48,52,42,6,45
-7.692596,53.288234,2020/04/16 00:00:00+00,629,13271,43,486,2020/04/14 00:00:00+00,12425,2026,284,3090,425,13,4,43,132,164,298,308,1062,5536,6778,111,28,44,124,809,2145,2315,2395,1806,2739,48,51,43,6,46
-7.692596,53.288234,2020/04/17 00:00:00+00,597,13980,44,530,2020/04/15 00:00:00+00,13012,2082,294,3347,436,13,5,44,134,168,304,318,1094,5773,7117,122,27,44,136,846,2231,2415,2502,1902,2889,48,52,42,6,47
-7.692596,53.288234,2020/04/18 00:00:00+00,630,14758,41,571,2020/04/16 00:00:00+00,13746,2168,296,3573,454,13,6,47,135,177,314,330,1144,6048,7568,130,28,48,142,892,2329,2522,2659,2010,3094,48,52,43,5,48
-7.692596,53.288234,2020/04/19 00:00:00+00,445,15251,39,610,2020/04/17 00:00:00+00,14602,2233,303,3788,472,13,7,50,139,183,320,343,1176,6397,8060,145,28,50,154,953,2467,2659,2825,2122,3320,48,66,32,5,49
-7.692596,53.288234,2020/04/20 00:00:00+00,401,15652,77,687,2020/04/18 00:00:00+00,15185,2272,306,4009,478,13,7,50,143,188,322,349,1198,6603,8433,149,30,54,161,1000,2557,2744,2943,2184,3488,48,62,41,4,50
-7.692596,53.288234,2020/04/21 00:00:00+00,388,16040,44,730,2020/04/19 00:00:00+00,15464,2323,315,4180,491,13,8,51,147,194,326,356,1226,6708,8595,161,29,54,162,1009,2580,2781,2972,2207,3646,48,60,35,5,51
-7.692596,53.288234,2020/04/22 00:00:00+00,631,16671,49,769,2020/04/20 00:00:00+00,15871,2387,322,4393,507,13,8,52,150,198,330,366,1267,6909,8906,56,28,58,169,1039,2635,2843,3039,2254,3782,48,61,35,4,52
-7.692596,53.288234,2020/04/23 00:00:00+00,936,17607,28,794,2020/04/21 00:00:00+00,16439,2424,331,4545,522,13,8,51,151,201,334,372,1291,9272,7105,62,28,61,174,1071,2712,2929,3125,2311,4004,48,52,44,4,53
-7.692596,53.288234,2020/04/24 00:00:00+00,577,18184,37,1014,2020/04/22 00:00:00+00,17420,2486,338,4713,548,14,8,53,155,210,343,379,1321,7457,9893,70,30,62,177,1130,2838,3041,3280,2408,4431,49,49,47,4,54
-7.692596,53.288234,2020/04/25 00:00:00+00,377,18561,42,1063,2020/04/23 00:00:00+00,17975,2536,344,4847,567,14,8,53,157,216,345,385,1028,7656,10261,58,30,63,181,1161,2904,3119,3346,2462,4685,49,63,33,4,55
-7.692596,53.288234,2020/04/26 00:00:00+00,701,19262,26,1087,2020/04/24 00:00:00+00,18431,2576,349,5064,601,14,8,53,156,218,350,392,1382,7797,10570,64,30,63,184,1193,2977,3181,3403,2513,4862,49,63,33,4,56
-7.692596,53.288234,2020/04/27 00:00:00+00,386,19648,18,1102,2020/04/25 00:00:00+00,19095,2624,353,5204,604,14,8,54,160,226,352,396,1412,8051,10963,81,33,64,190,1236,3069,3285,3526,2566,5101,49,64,33,3,57
-7.692596,53.288234,2020/04/28 00:00:00+00,229,19877,59,1159,2020/04/26 00:00:00+00,19383,2638,358,5414,608,14,8,54,159,228,353,401,1418,8152,11179,52,33,64,193,1262,3096,3319,3567,2586,5239,49,63,34,3,58
-7.692596,53.288234,2020/04/29 00:00:00+00,376,20253,31,1190,2020/04/27 00:00:00+00,19823,2669,355,5568,620,15,8,55,167,228,356,406,1432,8287,11379,57,34,64,196,1295,3149,3376,3632,2620,5334,49,63,34,3,59
-7.692596,53.288234,2020/04/30 00:00:00+00,359,20612,43,1232,2020/04/28 00:00:00+00,20111,2706,360,5684,630,15,8,55,170,231,360,406,1459,8427,11625,59,34,65,201,1323,3201,3438,3698,2665,5460,49,64,33,3,60
-7.692596,53.288234,2020/05/01 00:00:00+00,221,20833,34,1265,2020/04/29 00:00:00+00,20510,2768,367,5840,646,16,8,56,173,232,368,416,1496,8605,11841,64,35,66,205,1363,3271,3491,3752,2706,5596,49,66,33,3,61
-7.692596,53.288234,2020/05/02 00:00:00+00,343,21176,25,1286,2020/04/30 00:00:00+00,20742,2785,368,5973,676,16,8,56,173,232,373,415,1509,8695,11979,68,35,66,206,1383,3314,3532,3803,2736,5642,49,63,34,3,62
-7.692596,53.288234,2020/05/03 00:00:00+00,330,21506,19,1303,2020/05/01 00:00:00+00,21064,2825,363,6068,694,18,11,58,174,235,381,422,1524,8841,12166,57,38,69,215,1417,3373,3588,3858,2772,5711,49,63,34,3,63
-7.692596,53.288234,2020/05/04 00:00:00+00,266,21772,16,1319,2020/05/02 00:00:00+00,21437,2840,364,6211,703,18,12,58,176,236,383,423,1532,9045,12334,58,39,70,223,1460,3463,3667,3918,2816,5758,49,63,34,3,64
-7.692596,53.288234,2020/05/05 00:00:00+00,211,21983,23,1339,2020/05/03 00:00:00+00,21659,2879,369,6293,706,18,13,59,179,240,389,424,1555,9151,12446,62,39,72,230,1475,3496,3714,3956,2843,5810,49,62,35,3,65
-7.692596,53.288234,2020/05/06 00:00:00+00,265,22248,37,1375,2020/05/04 00:00:00+00,21908,2878,373,6393,710,18,14,61,175,238,389,421,1560,9283,12562,63,39,75,230,1495,3556,3766,3996,2866,5855,49,62,35,3,66
-7.692596,53.288234,2020/05/07 00:00:00+00,137,22385,29,1403,2020/05/05 00:00:00+00,22186,2891,376,6498,733,18,15,63,175,238,392,425,1563,9428,12696,62,40,77,241,1532,3618,3830,4039,2899,5885,49,62,35,3,67
-7.692596,53.288234,2020/05/08 00:00:00+00,156,22541,27,1429,2020/05/06 00:00:00+00,22301,2915,373,6586,737,18,17,63,175,235,393,429,1583,9472,12765,64,40,77,243,1545,3635,3851,4065,2913,5907,49,61,36,3,68
-7.692596,53.288234,2020/05/09 00:00:00+00,219,22760,18,1446,2020/05/07 00:00:00+00,22495,2954,381,6669,746,18,17,63,177,236,399,437,1605,9552,12879,64,40,77,245,1567,3673,3891,4087,2939,5950,49,61,36,3,69
-7.692596,53.288234,2020/05/10 00:00:00+00,236,22996,12,1458,2020/05/08 00:00:00+00,22671,2986,383,6771,750,18,17,65,179,240,404,436,1625,9627,12980,64,40,77,252,1582,3707,3919,4111,2958,5997,49,61,36,3,70
-7.692596,53.288234,2020/05/11 00:00:00+00,139,23135,15,1467,2020/05/09 00:00:00+00,22894,2998,383,6834,755,18,17,65,178,239,405,436,1638,9698,13129,67,42,79,258,1604,3745,3964,4148,2987,6041,49,61,36,3,71
-7.692596,53.288234,2020/05/12 00:00:00+00,107,23242,24,1488,2020/05/10 00:00:00+00,23089,3031,386,6906,759,18,17,66,179,238,408,439,1664,9776,13249,64,42,79,260,1624,3777,3994,4172,3014,6101,49,61,36,3,72
-7.692596,53.288234,2020/05/13 00:00:00+00,159,23401,10,1497,2020/05/11 00:00:00+00,23144,3050,389,6997,766,18,17,68,181,239,407,439,1679,9802,13282,60,43,79,263,1631,3792,4004,4186,3014,6107,48,60,37,3,73
-7.692596,53.288234,2020/05/14 00:00:00+00,426,23827,10,1506,2020/05/12 00:00:00+00,23259,3053,387,7123,766,18,17,68,182,240,409,442,1675,9853,13338,68,43,82,266,1641,3822,4024,4203,3029,6124,48,60,37,3,74
-7.692596,53.288234,2020/05/15 00:00:00+00,129,23956,16,1518,2020/05/13 00:00:00+00,23627,3062,387,7427,781,18,17,68,184,242,409,442,1680,10019,13559,49,43,85,266,1688,3936,4105,4276,3066,6138,48,61,37,2,75
-7.692596,53.288234,2020/05/16 00:00:00+00,92,24048,15,1533,2020/05/14 00:00:00+00,23779,3094,389,7530,784,18,17,68,186,247,415,449,1692,10189,13681,49,43,85,267,1705,3995,4181,4316,3096,6167,48,60,37,3,76
-7.692596,53.288234,2020/05/17 00:00:00+00,64,24112,10,1543,2020/05/15 00:00:00+00,23953,3117,389,7566,800,19,17,70,187,247,420,453,1712,10195,13709,49,43,87,270,1714,4015,4201,4329,3099,6171,48,60,37,3,77
-7.692596,53.288234,2020/05/18 00:00:00+00,88,24200,4,1547,2020/05/16 00:00:00+00,24036,3127,391,7615,805,19,17,70,187,247,421,457,1707,10229,13768,39,44,88,270,1721,4043,4217,4339,3103,6187,48,60,37,3,78
-7.692596,53.288234,2020/05/19 00:00:00+00,51,24251,16,1561,2020/05/17 00:00:00+00,24176,3143,390,7661,806,19,17,70,188,248,422,463,1714,10296,13841,39,44,90,275,1744,4066,4249,4357,3119,6208,48,60,37,3,79
-7.692596,53.288234,2020/05/20 00:00:00+00,64,24315,11,1571,2020/05/18 00:00:00+00,24204,3164,393,7708,810,19,17,70,188,247,425,470,1725,10307,13859,38,44,91,277,1750,4069,4260,4361,3122,6206,48,60,38,2,80
-7.692596,53.288234,2020/05/21 00:00:00+00,76,24391,12,1583,2020/05/19 00:00:00+00,24274,3183,392,7747,814,19,17,70,189,247,428,473,1737,10337,13899,38,44,93,278,1760,4083,4272,4371,3127,6222,48,60,38,2,81
-7.692596,53.288234,2020/05/22 00:00:00+00,115,24506,11,1592,2020/05/20 00:00:00+00,24351,3194,393,7791,823,19,17,70,190,247,429,474,1745,10375,13936,40,44,93,281,1763,4093,4288,4380,3139,6246,48,60,38,2,82
-7.692596,53.288234,2020/05/23 00:00:00+00,76,24582,13,1604,2020/05/21 00:00:00+00,24451,3211,393,7813,829,19,17,70,191,247,429,476,1759,10418,13996,37,44,97,288,1769,4112,4306,4401,3145,6265,48,60,38,2,83
-7.692596,53.288234,2020/05/24 00:00:00+00,57,24639,4,1608,2020/05/22 00:00:00+00,24569,3222,394,7819,844,19,17,71,193,248,430,478,1763,10468,14064,37,44,101,291,1792,4135,4326,4415,3158,6283,48,59,38,3,84
-7.692596,53.288234,2020/05/25 00:00:00+00,59,24698,0,1606,2020/05/23 00:00:00+00,24593,3225,394,7842,846,19,17,71,193,249,430,477,1766,10484,14070,39,45,101,292,1797,4138,4335,4418,3158,6284,48,59,38,3,85
-7.692596,53.288234,2020/05/26 00:00:00+00,37,24735,9,1615,2020/05/24 00:00:00+00,24629,3233,395,7852,846,19,17,71,193,249,432,478,1771,10510,14081,38,45,102,294,1802,4139,4337,4428,3163,6294,48,59,38,3,86
-7.692596,53.288234,2020/05/27 00:00:00+00,73,24803,17,1631,2020/05/25 00:00:00+00,24730,3251,399,7891,846,19,17,71,196,249,433,479,1784,10548,14145,37,45,103,297,1810,4162,4349,4444,3180,6315,48,40,58,2,87
-7.692596,53.288234,2020/05/28 00:00:00+00,46,24841,9,1639,2020/05/26 00:00:00+00,24795,3267,404,7920,850,19,17,71,196,251,437,481,1792,10575,14186,34,45,105,304,1818,4168,4362,4454,3186,6329,48,40,58,2,88
-7.692596,53.288234,2020/05/29 00:00:00+00,39,24876,6,1645,2020/05/27 00:00:00+00,24837,3270,404,7943,856,19,17,72,197,252,439,480,1792,10589,14214,34,45,106,305,1822,4176,4369,4463,3190,6337,48,40,58,2,89
-7.692596,53.288234,2020/05/30 00:00:00+00,59,24929,9,1651,2020/05/28 00:00:00+00,24870,3279,408,7955,861,19,17,72,197,255,439,480,1797,10601,14235,34,46,107,307,1822,4177,4373,4471,3195,6349,48,40,58,2,90
-7.692596,53.288234,2020/05/31 00:00:00+00,66,24990,2,1652,2020/05/29 00:00:00+00,24924,3283,408,7963,866,19,17,72,198,254,440,481,1799,10621,14269,34,46,107,309,1824,4185,4385,4476,3197,6372,48,39,59,2,91
-7.692596,53.288234,2020/06/01 00:00:00+00,77,25062,1,1650,2020/05/30 00:00:00+00,24985,3286,408,7968,866,19,17,72,198,254,442,481,1800,10661,14289,35,46,108,310,1830,4197,4399,4488,3204,6380,48,39,58,2,92
-7.692596,53.288234,2020/06/02 00:00:00+00,10,25066,8,1658,2020/05/31 00:00:00+00,25056,3292,408,7986,867,19,17,72,198,254,443,482,1804,10693,14332,31,47,109,318,1841,4205,4407,4502,3213,6391,48,39,58,2,93
-7.692596,53.288234,2020/06/03 00:00:00+00,47,25111,3,1659,2020/06/01 00:00:00+00,25064,3298,409,8004,872,19,17,72,197,255,443,484,1808,10697,14336,31,47,109,318,1842,4207,4407,4503,3213,6395,48,39,59,2,94
-7.692596,53.288234,2020/06/04 00:00:00+00,38,25142,5,1664,2020/06/02 00:00:00+00,25104,3311,410,8025,876,19,18,73,197,257,443,487,1814,10715,14358,31,47,109,319,1842,4209,4416,4511,3221,6407,48,39,59,2,95
-7.692596,53.288234,2020/06/05 00:00:00+00,28,25163,7,1670,2020/06/03 00:00:00+00,25135,3312,410,8046,880,20,18,73,196,257,443,488,1814,10734,14370,31,47,109,319,1847,4211,4424,4522,3227,6404,48,39,59,2,96
-7.692596,53.288234,2020/06/06 00:00:00+00,24,25183,9,1678,2020/06/04 00:00:00+00,25159,3319,410,8059,885,20,18,73,197,257,443,490,1818,10743,14384,32,49,111,321,1850,4216,4425,4524,3228,6411,48,39,59,2,97
-7.692596,53.288234,2020/06/07 00:00:00+00,25,25201,1,1679,2020/06/05 00:00:00+00,25176,3321,409,8057,888,20,17,73,197,258,443,490,1820,10751,14393,32,49,112,320,1854,4219,4430,4527,3226,6416,48,39,59,2,98
-7.692596,53.288234,2020/06/08 00:00:00+00,9,25207,4,1683,2020/06/06 00:00:00+00,25198,3322,411,8073,891,20,18,72,197,258,444,491,1819,10759,14406,33,49,113,321,1859,4222,4434,4530,3229,6417,48,39,59,2,99
-7.692596,53.288234,2020/06/09 00:00:00+00,9,25215,9,1691,2020/06/07 00:00:00+00,25206,3331,413,8087,892,20,18,72,199,260,445,490,1825,10766,14408,32,49,112,321,1859,4224,4437,4533,3229,6419,48,38,59,2,100
-7.692596,53.288234,2020/06/10 00:00:00+00,19,25231,5,1695,2020/06/08 00:00:00+00,25212,3321,411,8099,887,20,17,71,198,260,445,489,1819,10771,14409,32,49,112,320,1861,4223,4438,4535,3232,6419,48,38,60,2,101
-7.692596,53.288234,2020/06/11 00:00:00+00,8,25238,8,1703,2020/06/09 00:00:00+00,25230,3307,412,8114,901,20,17,69,198,261,444,490,1806,10777,14421,32,49,113,320,1866,4226,4441,4538,3232,6422,48,38,60,2,102
-7.692596,53.288234,2020/06/12 00:00:00+00,13,25250,3,1705,2020/06/10 00:00:00+00,25237,3275,415,8116,917,20,17,69,199,261,444,490,1773,10780,14425,32,50,113,320,1866,4228,4442,4539,3232,6424,48,38,60,2,103
-7.692596,53.288234,2020/06/13 00:00:00+00,46,25295,5,1705,2020/06/11 00:00:00+00,25249,3276,416,8123,941,20,17,69,199,261,444,490,1774,10784,14434,31,50,115,320,1867,4230,4443,4540,3232,6429,48,37,60,2,104
-7.692596,53.288234,2020/06/14 00:00:00+00,8,25303,1,1706,2020/06/12 00:00:00+00,25295,3279,416,8130,970,20,17,69,200,261,444,491,1775,10804,14460,31,51,116,323,1871,4239,4452,4548,3236,6436,48,37,60,2,105
-7.692596,53.288234,2020/06/15 00:00:00+00,18,25321,0,1706,2020/06/13 00:00:00+00,25303,3278,417,8130,976,20,17,69,200,261,444,491,1774,10808,14465,30,51,116,323,1873,4241,4452,4549,3236,6439,48,37,60,2,106
-7.692596,53.288234,2020/06/16 00:00:00+00,14,25334,3,1709,2020/06/14 00:00:00+00,25320,3282,418,8139,976,20,17,69,200,261,445,490,1778,10815,14475,30,52,117,324,1874,4242,4455,4553,3238,6442,48,37,60,2,107
-7.692596,53.288234,2020/06/17 00:00:00+00,8,25341,3,1710,2020/06/15 00:00:00+00,25333,3278,417,8144,981,21,16,70,199,262,444,487,1777,10820,14483,30,52,118,324,1874,4243,4458,4557,3238,6446,48,37,60,2,108
-7.692596,53.288234,2020/06/18 00:00:00+00,16,25355,4,1714,2020/06/16 00:00:00+00,25339,3282,417,8147,1005,21,16,70,199,262,445,487,1780,10822,14487,30,52,118,324,1875,4244,4459,4558,3239,6447,48,37,61,2,109
-7.692596,53.288234,2020/06/19 00:00:00+00,13,25368,2,1714,2020/06/17 00:00:00+00,25355,3286,416,8154,1031,21,16,70,200,262,445,488,1782,10831,14494,30,52,118,325,1877,4248,4462,4561,3240,6449,48,37,61,2,110
-7.692596,53.288234,2020/06/20 00:00:00+00,22,25374,2,1715,2020/06/18 00:00:00+00,25352,3280,419,8152,1033,21,16,70,197,263,443,488,1780,10835,14487,30,52,118,326,1878,4249,4464,4557,3240,6446,48,37,61,2,111
-7.692596,53.288234,2020/06/21 00:00:00+00,6,25379,0,1715,2020/06/19 00:00:00+00,25373,3282,419,8158,1036,21,16,70,197,263,444,488,1781,10845,14498,30,52,118,326,1883,4253,4467,4559,3243,6450,48,37,61,2,112
-7.692596,53.288234,2020/06/22 00:00:00+00,4,25383,2,1717,2020/06/20 00:00:00+00,25379,3284,431,8161,1069,21,16,70,197,264,444,489,1781,10847,14502,30,52,118,326,1883,4254,4469,4560,3243,6452,48,36,61,2,113
-7.692596,53.288234,2020/06/23 00:00:00+00,10,25391,3,1720,2020/06/21 00:00:00+00,25381,3285,434,8172,1100,21,16,70,197,264,444,489,1782,10849,14502,30,52,118,326,1884,4255,4468,4562,3243,6451,48,36,62,2,114
-7.692596,53.288234,2020/06/24 00:00:00+00,5,25396,6,1726,2020/06/22 00:00:00+00,25391,3292,434,8177,1212,21,16,70,197,265,445,490,1786,10853,14508,30,52,118,327,1884,4256,4471,4562,3247,6452,48,36,62,2,115
-7.692596,53.288234,2020/06/25 00:00:00+00,11,25405,1,1727,2020/06/23 00:00:00+00,25394,3293,433,8178,1321,21,16,70,196,265,444,490,1789,10855,14509,30,52,118,327,1884,4256,4471,4562,3247,6455,48,35,62,2,116
-7.692596,53.288234,2020/06/26 00:00:00+00,11,25414,3,1730,2020/06/24 00:00:00+00,25403,3293,434,8185,1339,21,16,69,196,265,443,492,1789,10858,14515,30,52,118,327,1885,4257,4472,4562,3249,6459,48,35,63,2,117
-7.692596,53.288234,2020/06/27 00:00:00+00,23,25437,6,1734,2020/06/25 00:00:00+00,25403,3293,434,8185,1339,21,16,69,196,265,443,492,1789,10858,14515,30,52,118,327,1885,4257,4472,4562,3249,6459,48,35,63,2,118
-7.692596,53.288234,2020/06/28 00:00:00+00,1,25438,1,1735,2020/06/26 00:00:00+00,25403,3293,434,8185,1339,21,16,69,196,265,443,492,1789,10858,14515,30,52,118,327,1885,4257,4472,4562,3249,6459,48,35,63,2,119
-7.692596,53.288234,2020/06/29 00:00:00+00,24,25462,0,1735,2020/06/27 00:00:00+00,25438,3293,435,8201,1429,21,16,69,196,265,444,492,1788,10876,14532,30,52,119,327,1891,4268,4480,4567,3249,6463,48,35,63,2,120
-7.692596,53.288234,2020/06/30 00:00:00+00,11,25473,1,1736,2020/06/28 00:00:00+00,25462,3295,434,8208,1429,21,16,69,196,266,444,492,1789,10882,14550,30,53,119,327,1894,4273,4483,4570,3251,6470,48,35,63,2,121
-7.692596,53.288234,2020/07/01 00:00:00+00,6,25477,3,1738,2020/06/29 00:00:00+00,25471,3298,434,8215,1687,21,16,71,196,266,444,492,1789,10887,14554,30,53,119,328,1896,4277,4484,4572,3251,6470,48,35,63,2,122
-7.692596,53.288234,2020/07/02 00:00:00+00,15,25489,5,1738,2020/06/30 00:00:00+00,25471,3298,434,8215,1687,21,16,71,196,266,444,492,1789,10887,14554,30,53,119,328,1896,4277,4484,4572,3251,6470,48,35,63,2,123
-7.692596,53.288234,2020/07/03 00:00:00+00,9,25498,2,1740,2020/07/01 00:00:00+00,25489,3307,436,8219,1772,21,16,72,197,267,446,492,1794,10894,14565,30,52,119,328,1901,4283,4484,4576,3253,6471,48,33,64,2,124
-7.692596,53.288234,2020/07/04 00:00:00+00,11,25509,1,1741,2020/07/02 00:00:00+00,25498,3309,436,8226,1809,22,17,72,197,267,446,492,1794,10901,12799,30,53,120,329,1901,4287,4485,4576,3254,6471,48,33,64,2,125
-7.692596,53.288234,2020/07/05 00:00:00+00,18,25527,0,1741,2020/07/03 00:00:00+00,25509,3308,436,8227,1823,22,17,72,197,267,446,492,1793,10909,14570,30,53,121,329,1901,4289,4488,4580,3255,6371,48,33,64,2,126
-7.692596,53.288234,2020/07/06 00:00:00+00,4,25531,0,1741,2020/07/04 00:00:00+00,25527,3309,437,8234,1823,22,17,72,197,267,447,492,1793,10919,14578,30,54,121,330,1902,4291,4493,4583,3257,6473,48,33,64,2,127
-7.692596,53.288234,2020/07/07 00:00:00+00,24,25538,1,1742,2020/07/05 00:00:00+00,25514,3307,436,8237,1827,22,17,73,197,267,446,491,1792,10912,14572,30,54,121,330,1903,4289,4491,4577,3256,6471,48,33,65,2,128
-7.692596,53.288234,2020/07/08 00:00:00+00,11,25542,0,1738,2020/07/06 00:00:00+00,25531,3313,436,8251,1860,22,17,73,197,268,445,491,1798,10918,14583,30,54,122,330,1905,4293,4498,4578,3259,6470,48,33,65,2,129
-7.692596,53.288234,2020/07/09 00:00:00+00,23,25565,6,1743,2020/07/07 00:00:00+00,25543,3328,436,8265,1884,23,17,74,197,271,447,495,1802,10922,14591,30,55,122,330,1908,4296,4499,4580,3260,6471,48,33,65,2,130
-7.692596,53.288234,2020/07/10 00:00:00+00,25,25589,1,1744,2020/07/08 00:00:00+00,25564,3328,436,8268,1896,23,17,74,197,271,447,495,1802,10930,14604,30,55,123,332,1922,4299,4500,4580,3260,6471,48,33,65,2,131
-7.692596,53.288234,2020/07/11 00:00:00+00,23,25611,2,1746,2020/07/09 00:00:00+00,25588,3330,436,8273,1920,23,17,74,197,273,447,495,1802,10939,14619,30,55,123,336,1933,4300,4505,4582,3260,6472,48,33,65,2,132
-7.692596,53.288234,2020/07/12 00:00:00+00,17,25628,0,1746,2020/07/10 00:00:00+00,25611,3330,436,8276,1935,23,17,74,197,273,447,495,1802,10947,14633,31,56,123,337,1939,4305,4510,4585,3260,6474,48,33,65,2,133
-7.692596,53.288234,2020/07/13 00:00:00+00,11,25638,0,1746,2020/07/11 00:00:00+00,25627,3330,436,8284,1935,23,17,74,197,273,447,495,1802,10954,14643,30,56,123,336,1940,4316,4512,4586,3261,6475,48,33,65,2,134
-7.692596,53.288234,2020/07/14 00:00:00+00,32,25670,0,1746,2020/07/12 00:00:00+00,25638,3332,436,8293,1933,23,17,75,197,273,447,495,1803,10958,14650,30,56,123,336,1942,4319,4512,4588,3263,6477,48,32,65,2,135
-7.692596,53.288234,2020/07/15 00:00:00+00,14,25683,2,1748,2020/07/13 00:00:00+00,25669,3337,437,8313,1976,23,17,75,198,274,448,496,1804,10970,14672,27,56,123,336,1944,4326,4517,4596,3267,6482,48,32,65,2,136
-7.692596,53.288234,2020/07/16 00:00:00+00,21,25698,1,1749,2020/07/14 00:00:00+00,25677,3339,437,8324,2019,23,17,75,198,274,448,497,1806,10976,14674,27,56,123,336,1946,4329,4518,4598,3267,6494,48,32,66,2,137
-7.692596,53.288234,2020/07/17 00:00:00+00,34,25730,3,1752,2020/07/15 00:00:00+00,25696,3339,437,8326,2101,23,17,75,198,274,448,497,1806,10988,14681,27,56,124,336,1947,4338,4521,4599,3267,6488,48,32,66,2,138
-7.692596,53.288234,2020/07/18 00:00:00+00,21,25750,2,1753,2020/07/16 00:00:00+00,25730,3342,437,8333,2110,23,17,76,198,274,449,497,1807,11006,14697,27,57,126,337,1954,4346,4525,4602,3269,6503,48,32,66,2,139
-7.692596,53.288234,2020/07/19 00:00:00+00,10,25760,0,1753,2020/07/17 00:00:00+00,25751,3342,437,8338,2146,23,17,76,198,274,449,497,1807,11016,14708,27,57,126,337,1959,4351,4526,4605,3272,6497,48,32,66,2,140
-7.692596,53.288234,2020/07/20 00:00:00+00,6,25766,0,1753,2020/07/18 00:00:00+00,25760,3343,437,8342,2146,23,17,76,198,274,449,497,1808,11019,14713,28,57,126,337,1960,4353,4530,4605,3273,6498,48,32,66,2,141
-7.692596,53.288234,2020/07/21 00:00:00+00,36,25802,0,1753,2020/07/19 00:00:00+00,25766,3342,437,8348,2146,23,17,76,198,274,448,497,1808,11022,14716,28,57,126,338,1960,4353,4532,4607,3274,6498,48,32,66,2,142
-7.692596,53.288234,2020/07/22 00:00:00+00,17,25819,1,1754,2020/07/20 00:00:00+00,25802,3340,438,8355,2153,22,18,75,198,274,447,497,1808,11049,14725,28,57,126,340,1965,4359,4536,4618,3279,6501,48,32,66,2,143
-7.692596,53.288234,2020/07/23 00:00:00+00,7,25826,9,1763,2020/07/21 00:00:00+00,25819,3341,438,8367,2226,22,18,76,198,274,447,497,1808,11056,14735,28,57,127,340,1966,4363,4539,4621,3280,6505,48,32,66,2,144
-7.692596,53.288234,2020/07/24 00:00:00+00,20,25845,0,1763,2020/07/22 00:00:00+00,25825,3344,438,8380,2264,22,18,76,198,274,449,497,1809,11059,14738,28,57,127,340,1967,4365,4540,4622,3280,6506,48,32,66,2,145
-7.692596,53.288234,2020/07/25 00:00:00+00,24,25869,1,1764,2020/07/23 00:00:00+00,25845,3345,438,8381,2274,22,18,76,198,274,449,498,1809,11067,14738,21,57,128,342,1970,4372,4544,4622,3281,6508,48,32,66,2,146
-7.692596,53.288234,2020/07/26 00:00:00+00,12,25881,0,1764,2020/07/24 00:00:00+00,25869,3345,438,8384,2282,22,18,76,198,274,449,498,1809,11079,14761,28,58,128,342,1973,4379,4553,4626,3281,6508,48,32,66,2,147
-7.692596,53.288234,2020/07/27 00:00:00+00,11,25892,0,1764,2020/07/25 00:00:00+00,25881,3346,438,8390,2282,23,18,76,198,274,449,498,1809,11084,14769,28,58,130,342,1976,4385,4553,4626,3282,6508,48,32,66,2,148
-7.692596,53.288234,2020/07/28 00:00:00+00,40,25929,0,1764,2020/07/26 00:00:00+00,25890,3349,437,8395,2282,23,18,76,198,274,451,498,1810,11092,14770,28,58,130,343,1977,4386,4556,4629,3282,6508,48,32,66,2,149
-7.692596,53.288234,2020/07/29 00:00:00+00,14,25942,0,1764,2020/07/27 00:00:00+00,25928,3349,438,8401,2291,23,18,76,198,274,451,499,1809,11112,14788,28,58,131,346,1984,4397,4563,4634,3285,6509,48,32,66,2,150
-7.692596,53.288234,2020/07/30 00:00:00+00,85,26027,1,1763,2020/07/28 00:00:00+00,25942,3350,438,8407,2303,24,18,76,198,274,451,499,1809,11115,14799,28,59,132,347,1985,4405,4563,4634,3286,6510,48,32,66,2,151
-7.692596,53.288234,2020/07/31 00:00:00+00,38,26065,0,1763,2020/07/29 00:00:00+00,26027,3352,437,8420,2307,24,18,77,198,274,451,499,1810,11168,14831,28,59,133,355,2004,4420,4572,4650,3291,6516,47,32,66,2,152
-7.692596,53.288234,2020/08/01 00:00:00+00,45,26109,0,1763,2020/07/30 00:00:00+00,26064,3353,437,8429,2313,24,18,77,198,274,451,499,1811,11189,14847,28,62,136,357,2014,4433,4578,4655,3290,6518,47,31,66,2,153
-7.692596,53.288234,2020/08/02 00:00:00+00,53,26162,0,1763,2020/07/31 00:00:00+00,26109,3359,437,8432,2318,23,18,78,201,275,453,499,1811,11212,14869,28,63,137,362,2019,4444,4589,4662,3292,6520,47,31,66,2,154
-7.692596,53.288234,2020/08/03 00:00:00+00,46,26208,0,1763,2020/08/01 00:00:00+00,26162,3359,437,8437,2319,23,18,79,200,275,453,499,1811,11238,14896,28,66,140,368,2029,4455,4598,4666,3294,6525,47,31,66,2,155
-7.692596,53.288234,2020/08/04 00:00:00+00,45,26253,0,1763,2020/08/02 00:00:00+00,26209,3358,437,8438,2321,23,18,78,200,276,451,499,1812,11266,14915,28,67,142,372,2037,4474,4603,4671,3296,6526,47,31,66,2,156
-7.692596,53.288234,2020/08/05 00:00:00+00,50,26303,0,1763,2020/08/03 00:00:00+00,26255,3357,439,8442,2323,24,18,77,200,275,451,499,1812,11301,14926,28,67,143,372,2044,4492,4612,4678,3299,6527,47,31,66,2,157
-7.692596,53.288234,2020/08/06 00:00:00+00,69,26372,5,1768,2020/08/04 00:00:00+00,26303,3359,437,8444,2326,24,18,77,200,275,451,499,1814,11330,14945,28,70,145,377,2055,4502,4619,4683,3302,6529,47,31,66,2,158
-7.692596,53.288234,2020/08/07 00:00:00+00,98,26470,4,1772,2020/08/05 00:00:00+00,26372,3362,438,8448,2331,24,18,77,199,275,451,500,1817,11361,14982,29,71,146,381,2062,4521,4632,4700,3306,6532,47,31,66,2,159
-7.692596,53.288234,2020/08/08 00:00:00+00,174,26644,1,1772,2020/08/06 00:00:00+00,26470,3364,438,8451,2331,24,18,77,199,275,452,500,1818,11418,15021,29,71,148,383,2076,4544,4658,4719,3314,6536,47,31,66,2,160
-7.692596,53.288234,2020/08/09 00:00:00+00,68,26712,0,1772,2020/08/07 00:00:00+00,26644,3365,438,8456,2332,24,18,77,200,275,452,500,1818,11545,15070,29,73,150,389,2098,4594,4695,4747,3332,6545,47,31,66,2,161
-7.692596,53.288234,2020/08/10 00:00:00+00,57,26768,0,1772,2020/08/08 00:00:00+00,26711,3364,438,8458,2336,24,18,77,200,275,452,500,1817,11582,15101,28,75,152,395,2109,4612,4711,4752,3337,6547,47,31,66,2,162
-7.692596,53.288234,2020/08/11 00:00:00+00,35,26801,1,1773,2020/08/09 00:00:00+00,26767,3372,439,8467,2334,24,18,77,201,276,454,501,1820,11611,15128,28,76,153,399,2124,4623,4719,4761,3343,6548,47,31,67,2,163
-7.692596,53.288234,2020/08/12 00:00:00+00,40,26838,1,1774,2020/08/10 00:00:00+00,26798,3376,441,8469,2391,24,18,77,202,276,454,502,1822,11623,15146,28,77,154,403,2136,4623,4723,4765,3344,6552,47,31,67,2,164
-7.692596,53.288234,2020/08/13 00:00:00+00,92,26929,0,1774,2020/08/11 00:00:00+00,26837,3378,441,8474,2465,24,18,80,202,275,454,502,1822,11643,15165,29,77,155,408,2144,4631,4730,4773,3344,6554,47,31,67,2,165
-7.692596,53.288234,2020/08/14 00:00:00+00,67,26995,0,1774,2020/08/12 00:00:00+00,26928,3381,441,8480,2474,24,18,80,203,277,454,502,1823,11686,15213,29,79,156,416,2169,4650,4740,4784,3353,6560,47,31,67,2,166
-7.692596,53.288234,2020/08/15 00:00:00+00,200,27191,0,1774,2020/08/13 00:00:00+00,26991,3384,441,8484,2477,24,18,81,203,277,453,502,1825,11719,15244,28,80,157,419,2186,4661,4753,4791,3356,6567,47,31,67,2,167
-7.692596,53.288234,2020/08/16 00:00:00+00,66,27257,0,1774,2020/08/14 00:00:00+00,27191,3385,442,8495,2487,24,18,81,203,277,454,502,1825,11823,15340,28,82,160,436,2219,4707,4788,4820,3375,6582,47,31,67,2,168
-7.692596,53.288234,2020/08/17 00:00:00+00,56,27313,0,1774,2020/08/15 00:00:00+00,27257,3387,442,8501,2497,24,18,81,203,277,454,503,1826,11857,15370,30,83,162,442,2231,4719,4799,4832,3380,6588,47,31,66,2,169
-7.692596,53.288234,2020/08/18 00:00:00+00,190,27499,1,1775,2020/08/16 00:00:00+00,27309,3388,441,8510,2496,24,18,81,203,276,455,503,1827,11884,15395,30,84,163,450,2242,4728,4810,4836,3385,6590,47,31,66,2,170
-7.692596,53.288234,2020/08/19 00:00:00+00,54,27547,2,1775,2020/08/17 00:00:00+00,27493,3389,442,8523,2520,24,18,80,203,278,455,503,1827,11956,15508,29,86,165,464,2278,4774,4848,4868,3395,6594,47,30,67,2,171
-7.692596,53.288234,2020/08/20 00:00:00+00,136,27676,1,1776,2020/08/18 00:00:00+00,27540,3394,443,8527,2568,24,18,80,205,279,456,504,1827,11979,15533,28,87,166,468,2292,4782,4850,4875,3401,6598,47,30,67,2,172
-7.692596,53.288234,2020/08/21 00:00:00+00,79,27755,0,1776,2020/08/19 00:00:00+00,27675,3393,443,8536,2577,24,18,80,204,279,456,503,1828,12033,15614,28,89,168,480,2329,4812,4873,4883,3416,6604,47,30,67,2,173
-7.692596,53.288234,2020/08/22 00:00:00+00,156,27908,2,1777,2020/08/20 00:00:00+00,27908,3394,443,8542,2570,24,18,80,204,279,456,503,1829,12072,15652,28,89,171,485,2347,4832,4883,4891,3426,6607,47,31,67,2,174
-7.692596,53.288234,2020/08/23 00:00:00+00,61,27969,0,1777,2020/08/21 00:00:00+00,27908,3396,443,8550,2579,24,18,80,206,279,456,503,1829,12153,15727,28,94,176,495,2377,4868,4908,4912,3439,6618,46,31,67,2,175
-7.692596,53.288234,2020/08/24 00:00:00+00,147,28116,0,1777,2020/08/22 00:00:00+00,27969,3398,443,8553,2580,24,18,81,207,279,456,503,1829,12185,15757,27,94,177,499,2396,4878,4915,4924,3445,6619,46,31,66,2,176
-7.692596,53.288234,2020/08/25 00:00:00+00,92,28201,0,1777,2020/08/23 00:00:00+00,28109,3397,443,8562,2584,24,18,79,205,279,458,504,1829,12261,15821,27,96,178,507,2443,4904,4933,4937,3457,6633,46,31,66,2,177
-7.692596,53.288234,2020/08/26 00:00:00+00,164,28363,0,1777,2020/08/24 00:00:00+00,28199,3397,444,8567,2633,25,18,78,205,279,458,504,1829,12313,15857,29,97,180,518,2464,4918,4947,4952,3463,6639,46,30,66,2,178
-7.692596,53.288234,2020/08/27 00:00:00+00,93,28453,0,1777,2020/08/25 00:00:00+00,28360,3386,444,8584,2649,25,18,79,204,278,454,502,1825,12395,15937,28,99,182,528,2503,4953,4964,4982,3475,6652,46,30,66,2,179
-7.692596,53.288234,2020/08/28 00:00:00+00,127,28578,0,1777,2020/08/26 00:00:00+00,28451,3384,446,8598,2656,25,18,80,205,279,454,501,1821,12446,15977,28,101,184,537,2521,4968,4982,4995,3484,6657,46,30,67,2,180
-7.692596,53.288234,2020/08/29 00:00:00+00,142,28720,0,1777,2020/08/27 00:00:00+00,28578,3386,446,8608,2734,25,18,78,205,280,454,502,1823,12517,16034,27,101,185,549,2554,4996,5009,5009,3491,6661,46,30,67,2,181
-7.692596,53.288234,2020/08/30 00:00:00+00,42,28760,0,1777,2020/08/28 00:00:00+00,28718,3394,446,8621,2741,25,18,79,208,280,456,504,1823,12589,16101,28,103,187,560,2579,5025,5036,5028,3503,6674,46,30,66,2,182
-7.692596,53.288234,2020/08/31 00:00:00+00,53,28811,0,1777,2020/08/29 00:00:00+00,28758,3400,446,8628,2741,26,19,81,208,280,456,505,1824,12607,16123,28,104,189,562,2591,5031,5041,5035,3505,6677,46,30,66,2,183
-7.692596,53.288234,2020/09/01 00:00:00+00,217,29025,0,1777,2020/08/30 00:00:00+00,28808,3405,446,8637,2733,26,19,81,209,282,457,505,1825,12632,16148,28,105,189,567,2602,5041,5052,5038,3514,6677,46,30,67,2,184
-7.692596,53.288234,2020/09/02 00:00:00+00,89,29114,1,1777,2020/08/31 00:00:00+00,29025,3411,447,8660,2783,27,19,82,210,281,457,505,1829,12736,16261,28,108,193,590,2650,5083,5084,5067,3529,6698,46,30,67,2,185
-7.692596,53.288234,2020/09/03 00:00:00+00,95,29206,0,1777,2020/09/01 00:00:00+00,29111,3415,447,8678,2810,26,19,82,210,280,458,504,1835,12774,16309,28,109,194,602,2675,5094,5089,5078,3536,6711,46,30,67,2,186
-7.692596,53.288234,2020/09/04 00:00:00+00,98,29303,0,1777,2020/09/02 00:00:00+00,29205,3412,447,8695,2826,25,19,80,210,278,458,503,1838,12827,16350,28,111,196,612,2694,5109,5105,5087,3545,6722,46,30,67,2,187
-7.692596,53.288234,2020/09/05 00:00:00+00,231,29534,0,1777,2020/09/03 00:00:00+00,29303,3418,448,8719,2848,26,20,81,209,278,458,504,1841,12875,16400,28,115,200,622,2713,5127,5115,5101,3554,6732,46,30,67,2,188
-7.692596,53.288234,2020/09/06 00:00:00+00,138,29672,0,1777,2020/09/04 00:00:00+00,29534,3424,448,8742,2865,26,20,83,209,278,458,505,1844,12990,16514,30,118,203,636,2761,5178,5157,5129,3571,6757,46,30,66,2,189
-7.692596,53.288234,2020/09/07 00:00:00+00,102,29774,0,1777,2020/09/05 00:00:00+00,29672,3427,448,8771,2878,26,20,83,209,278,459,505,1846,13049,16593,30,121,207,640,2792,5203,5183,5148,3581,6773,46,30,66,2,190
-7.692596,53.288234,2020/09/08 00:00:00+00,307,30080,1,1778,2020/09/06 00:00:00+00,29773,3429,449,8780,2885,26,19,84,209,278,460,505,1847,13093,16650,30,122,211,649,2816,5221,5203,5159,3588,6780,46,30,67,2,191
-7.692596,53.288234,2020/09/09 00:00:00+00,84,30164,3,1781,2020/09/07 00:00:00+00,30080,3434,450,8805,2908,26,19,85,209,278,461,505,1850,13254,16796,30,122,227,681,2877,5283,5255,5193,3619,6799,46,30,67,2,192
-7.692596,53.288234,2020/09/10 00:00:00+00,196,30360,0,1781,2020/09/08 00:00:00+00,30164,3435,450,8815,2933,26,19,84,209,278,461,505,1852,13286,16848,30,125,233,690,2890,5298,5265,5203,3622,6814,45,30,67,2,193
-7.692596,53.288234,2020/09/11 00:00:00+00,211,30571,1,1781,2020/09/09 00:00:00+00,30361,3440,450,8837,2954,27,19,84,209,278,462,507,1853,13388,16941,32,126,235,719,2914,5337,5290,5236,3638,6842,45,30,67,2,194
-7.692596,53.288234,2020/09/12 00:00:00+00,159,30730,2,1783,2020/09/10 00:00:00+00,30571,3445,450,8862,2985,27,19,84,211,278,463,508,1854,13488,17050,32,129,242,732,2961,5383,5327,5258,3659,6856,45,30,67,2,195
-7.692596,53.288234,2020/09/13 00:00:00+00,255,30985,1,1784,2020/09/11 00:00:00+00,30730,3451,450,8875,3028,28,19,84,211,278,464,509,1857,13558,17139,24,131,248,746,2991,5411,5350,5282,3681,6886,45,30,66,2,196
-7.692596,53.288234,2020/09/14 00:00:00+00,208,31192,0,1784,2020/09/12 00:00:00+00,30984,3457,450,8889,3035,29,19,85,212,278,465,510,1858,13689,17262,33,135,253,772,3046,5458,5386,5306,3705,6899,45,30,66,2,197
-7.692596,53.288234,2020/09/15 00:00:00+00,357,31549,3,1787,2020/09/13 00:00:00+00,31190,3462,451,8902,3035,29,19,85,212,279,467,510,1860,13785,17372,33,136,255,782,3111,5480,5413,5343,3732,6914,45,30,66,2,198
-7.692596,53.288234,2020/09/16 00:00:00+00,254,31799,3,1788,2020/09/14 00:00:00+00,31551,3469,452,8922,3074,29,19,85,213,279,466,512,1865,13974,17544,33,141,261,818,3203,5530,5452,5395,3771,6956,45,30,66,2,199
-7.692596,53.288234,2020/09/17 00:00:00+00,240,32023,1,1789,2020/09/15 00:00:00+00,31783,3477,454,8943,3156,29,19,87,212,279,468,512,1870,14083,17667,33,146,267,846,3253,5568,5475,5431,3797,6976,45,30,67,2,200
-7.692596,53.288234,2020/09/18 00:00:00+00,253,32271,3,1792,2020/09/16 00:00:00+00,32018,3490,455,8959,3252,29,19,88,212,280,470,513,1878,14200,17785,33,153,275,864,3286,5610,5510,5466,3825,7005,45,29,67,2,201
-7.692596,53.288234,2020/09/19 00:00:00+00,274,32538,0,1792,2020/09/17 00:00:00+00,32264,3500,457,8968,3433,29,19,88,212,280,471,515,1885,14340,17890,34,156,278,889,3345,5648,5554,5501,3840,7029,45,29,67,2,202
-7.692596,53.288234,2020/09/20 00:00:00+00,396,32933,0,1792,2020/09/18 00:00:00+00,32537,3514,458,8990,3489,30,19,90,212,281,474,519,1888,14481,18019,34,160,282,909,3411,5687,5600,5536,3875,7053,45,29,67,2,203
-7.692596,53.288234,2020/09/21 00:00:00+00,188,33121,0,1792,2020/09/19 00:00:00+00,32933,3524,460,9011,3499,31,19,89,212,282,474,518,1898,14656,18245,32,167,289,933,3504,5763,5671,5591,3896,7095,45,29,67,2,204
-7.692596,53.288234,2020/09/22 00:00:00+00,334,33444,0,1792,2020/09/20 00:00:00+00,33110,3535,462,9030,3521,30,18,89,212,285,477,523,1900,14747,18335,28,169,291,948,3542,5807,5694,5615,3907,7113,45,29,67,2,205
-7.692596,53.288234,2020/09/23 00:00:00+00,234,33675,2,1794,2020/09/21 00:00:00+00,33440,3548,467,9054,3595,29,18,90,212,287,480,527,1904,14904,18507,28,172,299,986,3624,5851,5745,5651,3937,7141,45,29,68,2,206
-7.692596,53.288234,2020/09/24 00:00:00+00,324,33994,3,1797,2020/09/22 00:00:00+00,33669,3552,467,9069,3699,28,18,91,214,288,480,528,1904,15016,18624,29,172,299,1000,3701,5896,5774,5679,3963,7160,44,29,68,2,207
-7.692596,53.288234,2020/09/25 00:00:00+00,326,34315,0,1797,2020/09/23 00:00:00+00,33988,3560,468,9091,3795,28,18,91,214,288,481,530,1909,15182,18777,29,175,304,1020,3767,5950,5829,5734,3993,7191,44,29,68,2,208
-7.692596,53.288234,2020/09/26 00:00:00+00,248,34560,5,1802,2020/09/24 00:00:00+00,34312,3566,469,9104,3874,28,18,91,213,290,482,532,1911,15342,18941,29,178,305,1042,3853,6019,5872,5774,4026,7217,44,29,68,2,209
-7.692596,53.288234,2020/09/27 00:00:00+00,430,34990,0,1802,2020/09/25 00:00:00+00,34561,3575,469,9111,3948,29,19,91,215,290,482,534,1914,15474,19057,29,180,311,1063,3917,6068,5898,5807,4050,7241,44,29,68,2,210
-7.692596,53.288234,2020/09/28 00:00:00+00,390,35377,0,1802,2020/09/26 00:00:00+00,34987,3583,469,9128,3961,29,20,92,217,290,482,536,1916,15693,19265,29,184,316,1097,4029,6159,5958,5855,4078,7285,44,29,67,2,211
-7.692596,53.288234,2020/09/29 00:00:00+00,363,35740,1,1803,2020/09/27 00:00:00+00,35376,3593,468,9153,3971,29,20,92,217,291,485,539,1919,15881,19464,31,187,320,1122,4128,6234,6008,5918,4116,7318,44,29,68,2,212
-7.692596,53.288234,2020/09/30 00:00:00+00,429,36155,1,1804,2020/09/28 00:00:00+00,35726,3600,470,9183,4055,29,20,93,217,293,486,543,1918,16046,19649,31,191,325,1138,4221,6286,6060,5970,4156,7355,44,29,68,2,213
-7.692596,53.288234,2020/10/01 00:00:00+00,442,36597,4,1806,2020/09/29 00:00:00+00,36155,3617,473,9221,4138,31,23,95,218,295,489,541,1924,16249,19875,31,199,334,1164,4330,6355,6116,6030,4204,7399,44,29,68,2,214
-7.692596,53.288234,2020/10/02 00:00:00+00,470,37063,1,1801,2020/09/30 00:00:00+00,36593,3631,475,9254,4237,31,24,96,219,295,490,541,1934,16471,20091,31,203,338,1187,4426,6443,6196,6085,4256,7435,44,28,68,2,215
-7.692596,53.288234,2020/10/03 00:00:00+00,613,37668,10,1810,2020/10/01 00:00:00+00,37057,3643,474,9294,4330,31,26,99,220,295,491,541,1939,16694,20329,34,206,347,1221,4539,6520,6276,6162,4296,7466,44,28,68,2,216
-7.692596,53.288234,2020/10/04 00:00:00+00,364,38032,0,1810,2020/10/02 00:00:00+00,37888,3653,474,9318,4423,33,26,100,221,297,493,543,1939,17009,20622,37,209,362,1262,4694,6622,6375,6239,4364,7517,43,29,68,2,217
-7.692596,53.288234,2020/10/05 00:00:00+00,518,38549,0,1810,2020/10/03 00:00:00+00,38031,3678,475,9342,4443,34,27,103,230,300,492,548,1943,17204,20789,38,214,369,1281,4789,6709,6430,6279,4399,7537,43,28,67,2,218
-7.692596,53.288234,2020/10/06 00:00:00+00,432,38973,1,1811,2020/10/04 00:00:00+00,38541,3676,476,9387,4457,34,27,101,222,299,494,549,1949,17452,21051,24,218,378,1323,4915,6788,6518,6355,4439,7582,43,28,68,2,219
-7.692596,53.288234,2020/10/07 00:00:00+00,611,39584,5,1816,2020/10/05 00:00:00+00,38973,3701,478,9434,4554,34,27,102,223,300,496,559,1959,17670,21265,38,223,383,1353,5030,6847,6574,6418,4498,7623,43,28,68,2,220
-7.692596,53.288234,2020/10/08 00:00:00+00,506,40086,1,1817,2020/10/06 00:00:00+00,39580,3729,482,9490,4651,35,27,105,227,303,499,562,1970,17972,21568,40,229,395,1393,5181,6938,6633,6489,4575,7723,43,28,68,2,221
-7.692596,53.288234,2020/10/09 00:00:00+00,617,40703,5,1821,2020/10/07 00:00:00+00,40086,3755,484,9536,4795,35,29,105,229,305,499,568,1984,18212,21833,41,234,402,1418,5331,7016,6694,6560,4624,7783,43,28,68,2,222
-7.692596,53.288234,2020/10/10 00:00:00+00,1012,41714,3,1824,2020/10/08 00:00:00+00,40702,3769,489,9572,4904,36,30,106,229,307,500,568,1992,18524,22141,37,242,411,1465,5519,7126,6786,6636,4673,7820,43,28,68,2,223
-7.692596,53.288234,2020/10/11 00:00:00+00,814,42528,2,1826,2020/10/09 00:00:00+00,41714,3794,491,9603,4947,37,32,107,234,309,503,567,2004,19035,22637,42,250,434,1528,5816,7332,6910,6776,4762,7881,42,28,67,2,224
-7.692596,53.288234,2020/10/12 00:00:00+00,825,43351,1,1827,2020/10/10 00:00:00+00,42526,3822,491,9628,4957,39,32,107,237,308,503,569,2025,19466,23017,43,260,444,1589,6030,7480,7031,6870,4837,7956,42,28,66,2,225
-7.692596,53.288234,2020/10/13 00:00:00+00,811,44159,3,1830,2020/10/11 00:00:00+00,43348,3848,502,9682,4955,38,31,109,241,309,507,573,2038,19895,23409,44,271,456,1645,6254,7646,7130,6983,4910,8024,42,28,66,2,226
-7.692596,53.288234,2020/10/14 00:00:00+00,1095,45243,5,1835,2020/10/12 00:00:00+00,44158,3877,503,9719,5022,38,31,113,246,313,508,581,2045,20315,23799,44,281,466,1701,6499,7790,7228,7077,4990,8097,42,27,66,2,227
-7.692596,53.288234,2020/10/15 00:00:00+00,1205,46429,3,1838,2020/10/13 00:00:00+00,45224,3916,505,9792,5173,41,31,115,248,315,513,586,2065,20837,24342,45,293,479,1769,6814,7974,7378,7204,5094,8191,42,27,66,2,228
-7.692596,53.288234,2020/10/16 00:00:00+00,1000,47427,3,1841,2020/10/14 00:00:00+00,46427,3936,508,9839,5265,41,31,118,250,315,518,588,2073,21450,24931,46,311,498,1860,7148,8184,7555,7369,5204,8270,41,27,66,2,229
-7.692596,53.288234,2020/10/17 00:00:00+00,1276,48678,8,1849,2020/10/15 00:00:00+00,47402,3956,510,9870,5423,41,31,118,253,319,520,591,2081,21917,25439,46,320,528,1953,7408,8337,7709,7490,5303,8328,41,27,65,2,230
-7.692596,53.288234,2020/10/18 00:00:00+00,1283,49962,3,1852,2020/10/16 00:00:00+00,48679,3980,511,9898,5568,41,33,120,253,322,519,595,2095,22561,26071,47,335,544,2047,7774,8541,7890,7670,5437,8415,41,27,64,2,231
-7.692596,53.288234,2020/10/19 00:00:00+00,1031,50993,0,1852,2020/10/17 00:00:00+00,49962,3997,513,9917,5590,41,33,120,255,324,521,596,2105,23190,26724,48,352,572,2181,8080,8751,8072,7830,5564,8533,41,28,63,2,232
-7.692596,53.288234,2020/10/20 00:00:00+00,1269,52256,13,1865,2020/10/18 00:00:00+00,50987,4021,517,9973,5617,41,34,121,257,324,525,599,2118,23700,27240,47,371,591,2294,8349,8910,8212,7959,5669,8604,40,28,63,2,233
-7.692596,53.288234,2020/10/21 00:00:00+00,1167,53422,3,1868,2020/10/19 00:00:00+00,52255,4055,519,10012,5765,42,36,123,261,327,528,605,2130,24311,27896,48,396,617,2404,8667,9068,8370,8134,5841,8729,40,28,62,2,234
-7.692596,53.288234,2020/10/22 00:00:00+00,1066,54476,3,1871,2020/10/20 00:00:00+00,53410,4118,524,10086,5900,42,38,124,265,330,537,620,2160,24844,28517,49,417,639,2508,8946,9241,8514,8293,5956,8867,40,28,62,2,235
-7.692596,53.288234,2020/10/23 00:00:00+00,777,55261,7,1878,2020/10/21 00:00:00+00,54484,4163,528,10113,6000,42,38,128,268,334,546,626,2179,25382,29051,51,444,667,2614,9174,9416,8665,8430,6052,8993,40,28,62,2,236
-7.692596,53.288234,2020/10/24 00:00:00+00,859,56108,4,1882,2020/10/22 00:00:00+00,55249,4155,529,10142,6143,43,37,123,263,332,545,623,2187,25809,29387,53,452,690,2687,9352,9523,8780,8543,6141,9052,40,28,63,2,237
-7.692596,53.288234,2020/10/25 00:00:00+00,1025,57128,0,1882,2020/10/23 00:00:00+00,56103,4195,529,10154,6249,43,37,123,264,336,547,629,2214,26221,29829,53,462,701,2777,9542,9649,8885,8665,6242,9151,40,28,62,2,238
-7.692596,53.288234,2020/10/26 00:00:00+00,939,58067,3,1885,2020/10/24 00:00:00+00,57131,4210,529,10172,6257,43,37,124,264,337,548,631,2224,26734,30343,54,487,731,2900,9786,9803,9037,8783,6350,9225,40,28,61,2,239
-7.692596,53.288234,2020/10/27 00:00:00+00,720,58767,5,1890,2020/10/25 00:00:00+00,58047,4232,534,10203,6254,43,39,125,265,338,549,631,2240,27168,30826,53,500,750,3016,9993,9934,9155,8905,6437,9328,40,29,61,2,240
-7.692596,53.288234,2020/10/28 00:00:00+00,675,59434,6,1896,2020/10/26 00:00:00+00,58759,4254,538,10241,6291,43,39,126,265,341,553,636,2249,27509,31196,54,510,770,3083,10150,10043,9253,9017,6514,9390,40,29,61,2,241
-7.692596,53.288234,2020/10/29 00:00:00+00,866,60297,6,1902,2020/10/27 00:00:00+00,59431,4302,539,10405,6372,44,39,128,268,347,561,643,2270,27830,31568,33,528,789,3153,10284,10142,9353,9117,6580,9456,40,29,61,2,242
-7.692596,53.288234,2020/10/30 00:00:00+00,772,61059,6,1908,2020/10/28 00:00:00+00,60287,4348,542,10440,6494,45,39,131,271,351,568,646,2295,28256,31998,33,534,809,3254,10450,10269,9476,9241,6663,9561,39,30,61,2,243
-7.692596,53.288234,2020/10/31 00:00:00+00,416,61456,5,1913,2020/10/29 00:00:00+00,61040,4377,546,10472,6584,45,39,131,274,352,569,654,2311,28611,32393,36,545,838,3339,10597,10369,9592,9349,6747,9634,39,30,61,2,244
-7.692596,53.288234,2020/11/01 00:00:00+00,552,62002,2,1915,2020/10/30 00:00:00+00,61450,4397,547,10493,6678,45,40,132,276,353,569,658,2322,28792,32622,36,552,846,3377,10686,10439,9647,9409,6787,9677,39,31,60,2,245
-7.692596,53.288234,2020/11/02 00:00:00+00,767,62750,2,1917,2020/10/31 00:00:00+00,61996,4411,549,10519,6703,45,42,132,276,353,570,660,2331,29065,32894,37,567,860,3464,10777,10500,9726,9487,6843,9742,39,31,60,1,246
-7.692596,53.288234,2020/11/03 00:00:00+00,322,63048,5,1922,2020/11/01 00:00:00+00,62726,4449,560,10583,6708,45,43,134,278,359,575,666,2347,29403,33288,35,585,878,3548,10921,10623,9848,9596,6897,9800,39,31,61,1,247
-7.692596,53.288234,2020/11/04 00:00:00+00,444,63483,8,1930,2020/11/02 00:00:00+00,63039,4490,564,10630,6850,46,45,136,281,361,579,673,2367,29556,33448,35,600,879,3583,10964,10673,9902,9630,6925,9850,39,32,61,1,248
-7.692596,53.288234,2020/11/05 00:00:00+00,591,64046,3,1933,2020/11/03 00:00:00+00,63455,4528,567,10689,6945,47,45,140,282,363,587,676,2386,29748,33672,35,602,900,3628,11016,10745,9960,9687,6979,9906,39,32,61,1,249
-7.692596,53.288234,2020/11/06 00:00:00+00,499,64538,8,1940,2020/11/04 00:00:00+00,64038,4580,569,10757,7071,48,46,140,287,366,594,680,2417,30028,33976,34,620,902,3670,11101,10850,10048,9781,7034,10000,39,32,62,1,250
-7.692596,53.288234,2020/11/07 00:00:00+00,335,64855,5,1945,2020/11/05 00:00:00+00,64520,4605,571,10827,7138,48,46,142,287,370,596,685,2429,30262,34218,40,640,904,3721,11186,10946,10119,9844,7069,10059,39,32,62,1,251
-7.692596,53.288234,2020/11/08 00:00:00+00,542,65394,2,1947,2020/11/06 00:00:00+00,64852,4630,571,10862,7241,48,46,143,290,374,596,689,2442,30416,34396,40,643,910,3763,11231,10995,10184,9895,7106,10093,39,33,62,1,252
-7.692596,53.288234,2020/11/09 00:00:00+00,270,65659,1,1948,2020/11/07 00:00:00+00,65389,4664,571,10906,7266,48,46,143,294,375,600,689,2467,30691,34657,41,646,930,3809,11328,11090,10266,9971,7151,10166,39,33,62,1,253
-7.692596,53.288234,2020/11/10 00:00:00+00,270,65889,16,1963,2020/11/08 00:00:00+00,65619,4676,575,10944,7313,48,47,143,295,378,601,690,2472,30827,34772,20,647,930,3848,11382,11122,10305,10005,7169,10179,39,33,62,1,254
-7.692596,53.288234,2020/11/11 00:00:00+00,362,66247,2,1965,2020/11/09 00:00:00+00,65885,4744,585,11000,7412,51,47,146,300,386,607,696,2479,30951,34914,20,649,938,3864,11426,11160,10345,10045,7190,10266,39,33,64,1,255
-7.692596,53.288234,2020/11/12 00:00:00+00,395,66632,1,1965,2020/11/10 00:00:00+00,66237,4773,586,11075,7748,52,47,147,298,387,608,699,2533,31137,35080,20,651,948,3893,11489,11207,10389,10117,7225,10286,39,32,64,1,256
-7.692596,53.288234,2020/11/13 00:00:00+00,482,67099,7,1972,2020/11/11 00:00:00+00,66617,4808,589,11118,7955,52,48,149,300,387,613,703,2554,31328,35269,20,653,960,3927,11572,11265,10447,10161,7256,10344,39,32,65,1,257
-7.692596,53.288234,2020/11/14 00:00:00+00,456,67526,6,1978,2020/11/12 00:00:00+00,67070,4834,591,11193,8110,52,48,149,300,389,618,704,2572,31549,35501,20,661,985,3971,11642,11344,10499,10224,7301,10411,39,32,65,1,258
-7.692596,53.288234,2020/11/15 00:00:00+00,378,67903,1,1979,2020/11/13 00:00:00+00,67525,4854,591,11242,8235,52,49,150,300,392,619,704,2586,31758,35747,20,663,1000,4029,11728,11422,10575,10278,7347,10451,39,32,65,1,259
-7.692596,53.288234,2020/11/16 00:00:00+00,456,68356,5,1984,2020/11/14 00:00:00+00,67900,4871,593,11283,8311,52,49,151,301,392,621,707,2596,31944,35934,22,673,1000,4069,11781,11485,10645,10329,7382,10504,39,32,65,1,260
-7.692596,53.288234,2020/11/17 00:00:00+00,366,68686,11,1995,2020/11/15 00:00:00+00,68320,4893,595,11380,8398,52,49,152,302,394,622,711,2609,32125,36174,21,701,1000,4107,11866,11557,10717,10392,7410,10538,39,32,65,1,261
-7.692596,53.288234,2020/11/18 00:00:00+00,379,69058,12,2006,2020/11/16 00:00:00+00,68679,4931,599,11457,8461,53,49,155,304,396,626,719,2627,32287,36371,21,721,1000,4144,11920,11609,10773,10449,7443,10588,39,32,65,1,262
-7.692596,53.288234,2020/11/19 00:00:00+00,429,69473,4,2010,2020/11/17 00:00:00+00,69044,4954,600,11519,8530,53,49,156,307,396,629,720,2642,32449,36572,23,735,1000,4189,11989,11666,10828,10509,7476,10620,39,31,66,1,263
-7.692596,53.288234,2020/11/20 00:00:00+00,330,69802,8,2018,2020/11/18 00:00:00+00,69472,5003,604,11565,8708,55,49,161,309,398,636,725,2668,32643,36805,24,752,1000,4223,12088,11735,10903,10559,7507,10673,39,31,66,1,264
-7.692596,53.288234,2020/11/21 00:00:00+00,344,70143,4,2022,2020/11/19 00:00:00+00,69805,5032,604,11603,8873,55,50,163,311,400,638,727,2686,32818,36961,26,760,1000,4267,12145,11786,10960,10601,7535,10718,39,31,66,1,265
-7.692596,53.288234,2020/11/22 00:00:00+00,318,70461,1,2023,2020/11/20 00:00:00+00,70143,5043,604,11637,9043,55,50,163,311,401,639,729,2693,32969,37145,29,764,1012,4310,12217,11840,11011,10650,7556,10750,39,31,66,1,266
-7.692596,53.288234,2020/11/23 00:00:00+00,252,70711,0,2022,2020/11/21 00:00:00+00,70458,5053,604,11659,9062,55,50,163,311,403,640,730,2699,33121,37306,31,789,1000,4352,12309,11884,11052,10678,7587,10774,39,31,66,1,267
-7.692596,53.288234,2020/11/24 00:00:00+00,226,70930,6,2028,2020/11/22 00:00:00+00,70704,5069,604,11675,9096,55,50,164,314,407,641,732,2704,33242,37431,31,800,1000,4384,12359,11915,11088,10717,7607,10801,39,31,67,1,268
-7.692596,53.288234,2020/11/25 00:00:00+00,269,71187,6,2033,2020/11/23 00:00:00+00,70918,5117,614,11728,9134,55,50,164,314,410,645,738,2739,33350,37535,33,801,1000,4400,12399,11948,11121,10743,7627,10846,39,31,67,1,269
-7.692596,53.288234,2020/11/26 00:00:00+00,335,71494,3,2036,2020/11/24 00:00:00+00,71159,5139,616,11763,9197,55,49,165,315,410,647,742,2754,33463,37663,33,806,1000,4433,12443,11983,11158,10774,7651,10878,39,30,67,1,270
-7.692596,53.288234,2020/11/27 00:00:00+00,206,71699,7,2043,2020/11/25 00:00:00+00,71493,5158,619,11803,9345,56,49,166,315,412,651,744,2763,33625,37833,35,819,1000,4468,12506,12037,11205,10830,7679,10915,39,30,67,1,271
-7.692596,53.288234,2020/11/28 00:00:00+00,243,71942,7,2050,2020/11/26 00:00:00+00,71699,5170,619,11840,9378,56,49,168,315,413,653,745,2769,33728,37940,31,829,1002,4493,12554,12059,11236,10864,7695,10933,39,31,67,1,272
-7.692596,53.288234,2020/11/29 00:00:00+00,299,72241,2,2052,2020/11/27 00:00:00+00,71942,5188,619,11852,9393,57,49,169,317,414,657,747,2776,33865,38044,33,849,1000,4519,12604,12093,11281,10889,7709,10964,39,31,67,1,273
-7.692596,53.288234,2020/11/30 00:00:00+00,306,72544,1,2053,2020/11/28 00:00:00+00,72238,5212,619,11896,9400,57,50,170,321,417,659,748,2788,34021,38184,33,865,1000,4560,12646,12142,11332,10924,7737,10998,39,31,67,1,274
-7.692596,53.288234,2020/12/01 00:00:00+00,269,72798,18,2069,2020/11/29 00:00:00+00,72529,5225,622,12002,9411,57,50,170,321,418,659,750,2798,34167,38328,34,874,1000,4592,12698,12192,11387,10967,7758,11033,39,30,67,1,275
-7.692596,53.288234,2020/12/02 00:00:00+00,270,73066,5,2074,2020/11/30 00:00:00+00,72796,5240,624,12068,9538,56,50,170,324,419,662,750,2807,34298,38461,37,887,1000,4619,12753,12225,11431,11007,7779,11067,39,30,67,1,276
-7.692596,53.288234,2020/12/03 00:00:00+00,183,73228,6,2080,2020/12/01 00:00:00+00,73045,5255,624,12110,9606,56,49,169,326,420,665,753,2815,34432,38582,31,889,1009,4650,12792,12260,11476,11039,7802,11100,39,30,67,1,277
-7.692596,53.288234,2020/12/04 00:00:00+00,265,73491,6,2086,2020/12/02 00:00:00+00,73226,5278,623,12137,9640,56,49,169,329,420,666,758,2829,34512,38683,31,904,1000,4671,12821,12291,11499,11062,7823,11127,39,30,67,1,278
-7.692596,53.288234,2020/12/05 00:00:00+00,456,73948,13,2099,2020/12/03 00:00:00+00,73492,5296,628,12174,9700,57,50,170,332,421,666,761,2837,34646,38815,31,915,1000,4714,12860,12338,11537,11100,7843,11157,39,30,67,1,279
-7.692596,53.288234,2020/12/06 00:00:00+00,301,74246,0,2099,2020/12/04 00:00:00+00,73945,5325,628,12234,9722,57,50,170,333,423,668,763,2859,34865,39047,33,931,1000,4763,12916,12422,11598,11160,7891,11236,39,30,67,1,280
-7.692596,53.288234,2020/12/07 00:00:00+00,242,74468,0,2099,2020/12/05 00:00:00+00,74226,5332,630,12264,9746,58,51,171,333,422,668,763,2864,34986,39207,33,959,1000,4814,12948,12463,11630,11194,7912,11278,39,30,67,1,281
-7.692596,53.288234,2020/12/08 00:00:00+00,215,74682,1,2097,2020/12/06 00:00:00+00,74467,5343,630,12302,9824,58,51,171,333,424,668,765,2871,35099,39335,33,972,1000,4847,12976,12498,11673,11227,7935,11311,39,30,67,1,282
-7.692596,53.288234,2020/12/09 00:00:00+00,227,74900,5,2102,2020/12/07 00:00:00+00,74672,5360,633,12329,9878,58,51,172,334,424,668,766,2885,35189,39449,34,977,1000,4871,13003,12535,11705,11261,7960,11332,39,30,68,1,283
